record_type,record_id,issue_type,field_name,severity,issue_description
opportunity,O00054,invalid_amount,amount,high,Amount was missing or is non-positive
opportunity,O00065,invalid_amount,amount,high,Amount was missing or is non-positive
opportunity,O00138,invalid_amount,amount,high,Amount was missing or is non-positive
opportunity,O00182,invalid_amount,amount,high,Amount was missing or is non-positive
opportunity,O00221,invalid_amount,amount,high,Amount was missing or is non-positive
opportunity,O00236,invalid_amount,amount,high,Amount was missing or is non-positive
opportunity,O00268,invalid_amount,amount,high,Amount was missing or is non-positive
opportunity,O00272,invalid_amount,amount,high,Amount was missing or is non-positive
opportunity,O00317,invalid_amount,amount,high,Amount was missing or is non-positive
opportunity,O00331,invalid_amount,amount,high,Amount was missing or is non-positive
opportunity,O00384,invalid_amount,amount,high,Amount was missing or is non-positive
opportunity,O00398,invalid_amount,amount,high,Amount was missing or is non-positive
opportunity,O00496,invalid_amount,amount,high,Amount was missing or is non-positive
opportunity,O00509,invalid_amount,amount,high,Amount was missing or is non-positive
opportunity,O00517,invalid_amount,amount,high,Amount was missing or is non-positive
opportunity,O00548,invalid_amount,amount,high,Amount was missing or is non-positive
opportunity,O00550,invalid_amount,amount,high,Amount was missing or is non-positive
opportunity,O00573,invalid_amount,amount,high,Amount was missing or is non-positive
opportunity,O00585,invalid_amount,amount,high,Amount was missing or is non-positive
opportunity,O00588,invalid_amount,amount,high,Amount was missing or is non-positive
opportunity,O00607,invalid_amount,amount,high,Amount was missing or is non-positive
opportunity,O00630,invalid_amount,amount,high,Amount was missing or is non-positive
opportunity,O00643,invalid_amount,amount,high,Amount was missing or is non-positive
opportunity,O00664,invalid_amount,amount,high,Amount was missing or is non-positive
opportunity,O00702,invalid_amount,amount,high,Amount was missing or is non-positive
opportunity,O00731,invalid_amount,amount,high,Amount was missing or is non-positive
opportunity,O00739,invalid_amount,amount,high,Amount was missing or is non-positive
opportunity,O00745,invalid_amount,amount,high,Amount was missing or is non-positive
opportunity,O00777,invalid_amount,amount,high,Amount was missing or is non-positive
opportunity,O00789,invalid_amount,amount,high,Amount was missing or is non-positive
opportunity,O00813,invalid_amount,amount,high,Amount was missing or is non-positive
opportunity,O00818,invalid_amount,amount,high,Amount was missing or is non-positive
opportunity,O00861,invalid_amount,amount,high,Amount was missing or is non-positive
opportunity,O00867,invalid_amount,amount,high,Amount was missing or is non-positive
opportunity,O00003,missing_lead_source,lead_source,medium,Opportunity has no lead source
opportunity,O00004,missing_lead_source,lead_source,medium,Opportunity has no lead source
opportunity,O00006,missing_lead_source,lead_source,medium,Opportunity has no lead source
opportunity,O00011,missing_lead_source,lead_source,medium,Opportunity has no lead source
opportunity,O00012,missing_lead_source,lead_source,medium,Opportunity has no lead source
opportunity,O00028,missing_lead_source,lead_source,medium,Opportunity has no lead source
opportunity,O00057,missing_lead_source,lead_source,medium,Opportunity has no lead source
opportunity,O00058,missing_lead_source,lead_source,medium,Opportunity has no lead source
opportunity,O00062,missing_lead_source,lead_source,medium,Opportunity has no lead source
opportunity,O00069,missing_lead_source,lead_source,medium,Opportunity has no lead source
opportunity,O00073,missing_lead_source,lead_source,medium,Opportunity has no lead source
opportunity,O00091,missing_lead_source,lead_source,medium,Opportunity has no lead source
opportunity,O00092,missing_lead_source,lead_source,medium,Opportunity has no lead source
opportunity,O00094,missing_lead_source,lead_source,medium,Opportunity has no lead source
opportunity,O00095,missing_lead_source,lead_source,medium,Opportunity has no lead source
opportunity,O00099,missing_lead_source,lead_source,medium,Opportunity has no lead source
opportunity,O00107,missing_lead_source,lead_source,medium,Opportunity has no lead source
opportunity,O00116,missing_lead_source,lead_source,medium,Opportunity has no lead source
opportunity,O00117,missing_lead_source,lead_source,medium,Opportunity has no lead source
opportunity,O00126,missing_lead_source,lead_source,medium,Opportunity has no lead source
opportunity,O00139,missing_lead_source,lead_source,medium,Opportunity has no lead source
opportunity,O00140,missing_lead_source,lead_source,medium,Opportunity has no lead source
opportunity,O00143,missing_lead_source,lead_source,medium,Opportunity has no lead source
opportunity,O00146,missing_lead_source,lead_source,medium,Opportunity has no lead source
opportunity,O00152,missing_lead_source,lead_source,medium,Opportunity has no lead source
opportunity,O00155,missing_lead_source,lead_source,medium,Opportunity has no lead source
opportunity,O00175,missing_lead_source,lead_source,medium,Opportunity has no lead source
opportunity,O00177,missing_lead_source,lead_source,medium,Opportunity has no lead source
opportunity,O00180,missing_lead_source,lead_source,medium,Opportunity has no lead source
opportunity,O00181,missing_lead_source,lead_source,medium,Opportunity has no lead source
opportunity,O00192,missing_lead_source,lead_source,medium,Opportunity has no lead source
opportunity,O00196,missing_lead_source,lead_source,medium,Opportunity has no lead source
opportunity,O00197,missing_lead_source,lead_source,medium,Opportunity has no lead source
opportunity,O00203,missing_lead_source,lead_source,medium,Opportunity has no lead source
opportunity,O00206,missing_lead_source,lead_source,medium,Opportunity has no lead source
opportunity,O00207,missing_lead_source,lead_source,medium,Opportunity has no lead source
opportunity,O00224,missing_lead_source,lead_source,medium,Opportunity has no lead source
opportunity,O00227,missing_lead_source,lead_source,medium,Opportunity has no lead source
opportunity,O00235,missing_lead_source,lead_source,medium,Opportunity has no lead source
opportunity,O00238,missing_lead_source,lead_source,medium,Opportunity has no lead source
opportunity,O00243,missing_lead_source,lead_source,medium,Opportunity has no lead source
opportunity,O00252,missing_lead_source,lead_source,medium,Opportunity has no lead source
opportunity,O00254,missing_lead_source,lead_source,medium,Opportunity has no lead source
opportunity,O00258,missing_lead_source,lead_source,medium,Opportunity has no lead source
opportunity,O00262,missing_lead_source,lead_source,medium,Opportunity has no lead source
opportunity,O00266,missing_lead_source,lead_source,medium,Opportunity has no lead source
opportunity,O00268,missing_lead_source,lead_source,medium,Opportunity has no lead source
opportunity,O00269,missing_lead_source,lead_source,medium,Opportunity has no lead source
opportunity,O00270,missing_lead_source,lead_source,medium,Opportunity has no lead source
opportunity,O00272,missing_lead_source,lead_source,medium,Opportunity has no lead source
opportunity,O00278,missing_lead_source,lead_source,medium,Opportunity has no lead source
opportunity,O00290,missing_lead_source,lead_source,medium,Opportunity has no lead source
opportunity,O00291,missing_lead_source,lead_source,medium,Opportunity has no lead source
opportunity,O00292,missing_lead_source,lead_source,medium,Opportunity has no lead source
opportunity,O00297,missing_lead_source,lead_source,medium,Opportunity has no lead source
opportunity,O00298,missing_lead_source,lead_source,medium,Opportunity has no lead source
opportunity,O00302,missing_lead_source,lead_source,medium,Opportunity has no lead source
opportunity,O00303,missing_lead_source,lead_source,medium,Opportunity has no lead source
opportunity,O00309,missing_lead_source,lead_source,medium,Opportunity has no lead source
opportunity,O00311,missing_lead_source,lead_source,medium,Opportunity has no lead source
opportunity,O00312,missing_lead_source,lead_source,medium,Opportunity has no lead source
opportunity,O00323,missing_lead_source,lead_source,medium,Opportunity has no lead source
opportunity,O00342,missing_lead_source,lead_source,medium,Opportunity has no lead source
opportunity,O00344,missing_lead_source,lead_source,medium,Opportunity has no lead source
opportunity,O00347,missing_lead_source,lead_source,medium,Opportunity has no lead source
opportunity,O00349,missing_lead_source,lead_source,medium,Opportunity has no lead source
opportunity,O00350,missing_lead_source,lead_source,medium,Opportunity has no lead source
opportunity,O00358,missing_lead_source,lead_source,medium,Opportunity has no lead source
opportunity,O00366,missing_lead_source,lead_source,medium,Opportunity has no lead source
opportunity,O00370,missing_lead_source,lead_source,medium,Opportunity has no lead source
opportunity,O00373,missing_lead_source,lead_source,medium,Opportunity has no lead source
opportunity,O00375,missing_lead_source,lead_source,medium,Opportunity has no lead source
opportunity,O00377,missing_lead_source,lead_source,medium,Opportunity has no lead source
opportunity,O00389,missing_lead_source,lead_source,medium,Opportunity has no lead source
opportunity,O00393,missing_lead_source,lead_source,medium,Opportunity has no lead source
opportunity,O00400,missing_lead_source,lead_source,medium,Opportunity has no lead source
opportunity,O00401,missing_lead_source,lead_source,medium,Opportunity has no lead source
opportunity,O00403,missing_lead_source,lead_source,medium,Opportunity has no lead source
opportunity,O00406,missing_lead_source,lead_source,medium,Opportunity has no lead source
opportunity,O00409,missing_lead_source,lead_source,medium,Opportunity has no lead source
opportunity,O00411,missing_lead_source,lead_source,medium,Opportunity has no lead source
opportunity,O00424,missing_lead_source,lead_source,medium,Opportunity has no lead source
opportunity,O00425,missing_lead_source,lead_source,medium,Opportunity has no lead source
opportunity,O00426,missing_lead_source,lead_source,medium,Opportunity has no lead source
opportunity,O00440,missing_lead_source,lead_source,medium,Opportunity has no lead source
opportunity,O00447,missing_lead_source,lead_source,medium,Opportunity has no lead source
opportunity,O00455,missing_lead_source,lead_source,medium,Opportunity has no lead source
opportunity,O00458,missing_lead_source,lead_source,medium,Opportunity has no lead source
opportunity,O00462,missing_lead_source,lead_source,medium,Opportunity has no lead source
opportunity,O00463,missing_lead_source,lead_source,medium,Opportunity has no lead source
opportunity,O00465,missing_lead_source,lead_source,medium,Opportunity has no lead source
opportunity,O00471,missing_lead_source,lead_source,medium,Opportunity has no lead source
opportunity,O00477,missing_lead_source,lead_source,medium,Opportunity has no lead source
opportunity,O00478,missing_lead_source,lead_source,medium,Opportunity has no lead source
opportunity,O00481,missing_lead_source,lead_source,medium,Opportunity has no lead source
opportunity,O00483,missing_lead_source,lead_source,medium,Opportunity has no lead source
opportunity,O00488,missing_lead_source,lead_source,medium,Opportunity has no lead source
opportunity,O00493,missing_lead_source,lead_source,medium,Opportunity has no lead source
opportunity,O00507,missing_lead_source,lead_source,medium,Opportunity has no lead source
opportunity,O00509,missing_lead_source,lead_source,medium,Opportunity has no lead source
opportunity,O00522,missing_lead_source,lead_source,medium,Opportunity has no lead source
opportunity,O00532,missing_lead_source,lead_source,medium,Opportunity has no lead source
opportunity,O00534,missing_lead_source,lead_source,medium,Opportunity has no lead source
opportunity,O00539,missing_lead_source,lead_source,medium,Opportunity has no lead source
opportunity,O00541,missing_lead_source,lead_source,medium,Opportunity has no lead source
opportunity,O00546,missing_lead_source,lead_source,medium,Opportunity has no lead source
opportunity,O00550,missing_lead_source,lead_source,medium,Opportunity has no lead source
opportunity,O00564,missing_lead_source,lead_source,medium,Opportunity has no lead source
opportunity,O00565,missing_lead_source,lead_source,medium,Opportunity has no lead source
opportunity,O00569,missing_lead_source,lead_source,medium,Opportunity has no lead source
opportunity,O00576,missing_lead_source,lead_source,medium,Opportunity has no lead source
opportunity,O00579,missing_lead_source,lead_source,medium,Opportunity has no lead source
opportunity,O00590,missing_lead_source,lead_source,medium,Opportunity has no lead source
opportunity,O00597,missing_lead_source,lead_source,medium,Opportunity has no lead source
opportunity,O00603,missing_lead_source,lead_source,medium,Opportunity has no lead source
opportunity,O00610,missing_lead_source,lead_source,medium,Opportunity has no lead source
opportunity,O00611,missing_lead_source,lead_source,medium,Opportunity has no lead source
opportunity,O00635,missing_lead_source,lead_source,medium,Opportunity has no lead source
opportunity,O00636,missing_lead_source,lead_source,medium,Opportunity has no lead source
opportunity,O00638,missing_lead_source,lead_source,medium,Opportunity has no lead source
opportunity,O00645,missing_lead_source,lead_source,medium,Opportunity has no lead source
opportunity,O00649,missing_lead_source,lead_source,medium,Opportunity has no lead source
opportunity,O00650,missing_lead_source,lead_source,medium,Opportunity has no lead source
opportunity,O00653,missing_lead_source,lead_source,medium,Opportunity has no lead source
opportunity,O00654,missing_lead_source,lead_source,medium,Opportunity has no lead source
opportunity,O00664,missing_lead_source,lead_source,medium,Opportunity has no lead source
opportunity,O00665,missing_lead_source,lead_source,medium,Opportunity has no lead source
opportunity,O00678,missing_lead_source,lead_source,medium,Opportunity has no lead source
opportunity,O00680,missing_lead_source,lead_source,medium,Opportunity has no lead source
opportunity,O00709,missing_lead_source,lead_source,medium,Opportunity has no lead source
opportunity,O00713,missing_lead_source,lead_source,medium,Opportunity has no lead source
opportunity,O00717,missing_lead_source,lead_source,medium,Opportunity has no lead source
opportunity,O00735,missing_lead_source,lead_source,medium,Opportunity has no lead source
opportunity,O00739,missing_lead_source,lead_source,medium,Opportunity has no lead source
opportunity,O00744,missing_lead_source,lead_source,medium,Opportunity has no lead source
opportunity,O00756,missing_lead_source,lead_source,medium,Opportunity has no lead source
opportunity,O00760,missing_lead_source,lead_source,medium,Opportunity has no lead source
opportunity,O00775,missing_lead_source,lead_source,medium,Opportunity has no lead source
opportunity,O00777,missing_lead_source,lead_source,medium,Opportunity has no lead source
opportunity,O00778,missing_lead_source,lead_source,medium,Opportunity has no lead source
opportunity,O00788,missing_lead_source,lead_source,medium,Opportunity has no lead source
opportunity,O00790,missing_lead_source,lead_source,medium,Opportunity has no lead source
opportunity,O00791,missing_lead_source,lead_source,medium,Opportunity has no lead source
opportunity,O00796,missing_lead_source,lead_source,medium,Opportunity has no lead source
opportunity,O00797,missing_lead_source,lead_source,medium,Opportunity has no lead source
opportunity,O00803,missing_lead_source,lead_source,medium,Opportunity has no lead source
opportunity,O00804,missing_lead_source,lead_source,medium,Opportunity has no lead source
opportunity,O00805,missing_lead_source,lead_source,medium,Opportunity has no lead source
opportunity,O00808,missing_lead_source,lead_source,medium,Opportunity has no lead source
opportunity,O00809,missing_lead_source,lead_source,medium,Opportunity has no lead source
opportunity,O00811,missing_lead_source,lead_source,medium,Opportunity has no lead source
opportunity,O00812,missing_lead_source,lead_source,medium,Opportunity has no lead source
opportunity,O00814,missing_lead_source,lead_source,medium,Opportunity has no lead source
opportunity,O00820,missing_lead_source,lead_source,medium,Opportunity has no lead source
opportunity,O00822,missing_lead_source,lead_source,medium,Opportunity has no lead source
opportunity,O00823,missing_lead_source,lead_source,medium,Opportunity has no lead source
opportunity,O00825,missing_lead_source,lead_source,medium,Opportunity has no lead source
opportunity,O00830,missing_lead_source,lead_source,medium,Opportunity has no lead source
opportunity,O00833,missing_lead_source,lead_source,medium,Opportunity has no lead source
opportunity,O00835,missing_lead_source,lead_source,medium,Opportunity has no lead source
opportunity,O00851,missing_lead_source,lead_source,medium,Opportunity has no lead source
opportunity,O00854,missing_lead_source,lead_source,medium,Opportunity has no lead source
opportunity,O00855,missing_lead_source,lead_source,medium,Opportunity has no lead source
opportunity,O00861,missing_lead_source,lead_source,medium,Opportunity has no lead source
opportunity,O00865,missing_lead_source,lead_source,medium,Opportunity has no lead source
opportunity,O00869,missing_lead_source,lead_source,medium,Opportunity has no lead source
opportunity,O00871,missing_lead_source,lead_source,medium,Opportunity has no lead source
opportunity,O00874,missing_lead_source,lead_source,medium,Opportunity has no lead source
opportunity,O00884,missing_lead_source,lead_source,medium,Opportunity has no lead source
opportunity,O00890,missing_lead_source,lead_source,medium,Opportunity has no lead source
opportunity,O00896,missing_lead_source,lead_source,medium,Opportunity has no lead source
account,A0028,missing_duns,duns_number,medium,Account is missing a DUNS number
account,A0067,missing_duns,duns_number,medium,Account is missing a DUNS number
account,A0073,missing_duns,duns_number,medium,Account is missing a DUNS number
account,A0011,missing_duns,duns_number,medium,Account is missing a DUNS number
account,A0109,missing_duns,duns_number,medium,Account is missing a DUNS number
account,A0099,missing_duns,duns_number,medium,Account is missing a DUNS number
account,A0126,missing_duns,duns_number,medium,Account is missing a DUNS number
account,A0077,missing_duns,duns_number,medium,Account is missing a DUNS number
account,A0135,missing_duns,duns_number,medium,Account is missing a DUNS number
account,A0080,missing_duns,duns_number,medium,Account is missing a DUNS number
account,A0129,missing_duns,duns_number,medium,Account is missing a DUNS number
account,A0122,missing_duns,duns_number,medium,Account is missing a DUNS number
account,A0097,missing_duns,duns_number,medium,Account is missing a DUNS number
account,A0132,missing_duns,duns_number,medium,Account is missing a DUNS number
account,A0084,missing_duns,duns_number,medium,Account is missing a DUNS number
account,A0054,missing_duns,duns_number,medium,Account is missing a DUNS number
account,A0026,missing_duns,duns_number,medium,Account is missing a DUNS number
account,A0083,missing_duns,duns_number,medium,Account is missing a DUNS number
account,A0091,missing_duns,duns_number,medium,Account is missing a DUNS number
account,A0006,missing_duns,duns_number,medium,Account is missing a DUNS number
account,A0096,missing_duns,duns_number,medium,Account is missing a DUNS number
account,A0038,missing_duns,duns_number,medium,Account is missing a DUNS number
account,A0079,missing_duns,duns_number,medium,Account is missing a DUNS number
account,A0062,missing_duns,duns_number,medium,Account is missing a DUNS number
account,A0124,missing_duns,duns_number,medium,Account is missing a DUNS number
account,A0051,missing_duns,duns_number,medium,Account is missing a DUNS number
account,A0008,missing_duns,duns_number,medium,Account is missing a DUNS number
account,A0071,missing_duns,duns_number,medium,Account is missing a DUNS number
account,A0025,missing_duns,duns_number,medium,Account is missing a DUNS number
account,A0044,missing_duns,duns_number,medium,Account is missing a DUNS number
account,A0065,missing_duns,duns_number,medium,Account is missing a DUNS number
account,A0102,missing_duns,duns_number,medium,Account is missing a DUNS number
account,A0110,missing_duns,duns_number,medium,Account is missing a DUNS number
account,A0043,missing_duns,duns_number,medium,Account is missing a DUNS number
account,A0023,missing_duns,duns_number,medium,Account is missing a DUNS number
account,A0029,missing_duns,duns_number,medium,Account is missing a DUNS number
account,A0019,missing_duns,duns_number,medium,Account is missing a DUNS number
account,A0105,missing_duns,duns_number,medium,Account is missing a DUNS number
account,A0036,missing_duns,duns_number,medium,Account is missing a DUNS number
