rep_id,rep_name,region,team
R001,Allison Hill,North America,Enterprise
R002,Noah Rhodes,APAC,Enterprise
R003,Angie Henderson,EMEA,Enterprise
R004,Daniel Wagner,North America,SMB
R005,Cristian Santos,North America,SMB
R006,Connie Lawrence,LATAM,Enterprise
R007,Abigail Shaffer,North America,Enterprise
R008,Gina Moore,EMEA,Enterprise
R009,Gabrielle Davis,North America,SMB
R010,Ryan Munoz,EMEA,SMB
R011,Monica Herrera,LATAM,Enterprise
R012,Jamie Arnold,LATAM,SMB
R013,Lisa Hensley,APAC,Enterprise
R014,Michele Williams,EMEA,SMB
R015,Dylan Miller,LATAM,Mid-Market
R016,Brian Ramirez,APAC,Enterprise
R017,Holly Wood,EMEA,Mid-Market
R018,Derek Zuniga,North America,Enterprise
