account_id,source_company_id
A0001,C0001
A0002,C0002
A0003,C0003
A0004,C0004
A0005,C0005
A0006,C0006
A0007,C0007
A0008,C0008
A0009,C0009
A0010,C0010
A0011,C0011
A0012,C0012
A0013,C0013
A0014,C0014
A0015,C0015
A0016,C0016
A0017,C0017
A0018,C0018
A0019,C0019
A0020,C0020
A0021,C0021
A0022,C0022
A0023,C0023
A0024,C0024
A0025,C0025
A0026,C0026
A0027,C0027
A0028,C0028
A0029,C0029
A0030,C0030
A0031,C0031
A0032,C0032
A0033,C0033
A0034,C0034
A0035,C0035
A0036,C0036
A0037,C0037
A0038,C0038
A0039,C0039
A0040,C0040
A0041,C0041
A0042,C0042
A0043,C0043
A0044,C0044
A0045,C0045
A0046,C0046
A0047,C0047
A0048,C0048
A0049,C0049
A0050,C0050
A0051,C0051
A0052,C0052
A0053,C0053
A0054,C0054
A0055,C0055
A0056,C0056
A0057,C0057
A0058,C0058
A0059,C0059
A0060,C0060
A0061,C0061
A0062,C0062
A0063,C0063
A0064,C0064
A0065,C0065
A0066,C0066
A0067,C0067
A0068,C0068
A0069,C0069
A0070,C0070
A0071,C0071
A0072,C0072
A0073,C0073
A0074,C0074
A0075,C0075
A0076,C0076
A0077,C0077
A0078,C0078
A0079,C0079
A0080,C0080
A0081,C0081
A0082,C0082
A0083,C0083
A0084,C0084
A0085,C0085
A0086,C0086
A0087,C0087
A0088,C0088
A0089,C0089
A0090,C0090
A0091,C0091
A0092,C0092
A0093,C0093
A0094,C0094
A0095,C0095
A0096,C0096
A0097,C0097
A0098,C0098
A0099,C0099
A0100,C0100
A0101,C0101
A0102,C0102
A0103,C0103
A0104,C0104
A0105,C0105
A0106,C0106
A0107,C0107
A0108,C0108
A0109,C0109
A0110,C0110
A0111,C0111
A0112,C0112
A0113,C0113
A0114,C0114
A0115,C0115
A0116,C0116
A0117,C0117
A0118,C0118
A0119,C0119
A0120,C0120
A0121,C0121
A0122,C0122
A0123,C0123
A0124,C0124
A0125,C0125
A0126,C0126
A0127,C0127
A0128,C0128
A0129,C0129
A0130,C0130
A0131,C0131
A0132,C0132
A0133,C0133
A0134,C0134
A0135,C0135
A0136,C0136
A0137,C0137
A0138,C0138
A0139,C0139
A0140,C0140
A0141,C0019
A0142,C0028
A0143,C0033
A0144,C0034
A0145,C0035
A0146,C0038
A0147,C0051
A0148,C0057
A0149,C0064
A0150,C0071
A0151,C0072
A0152,C0081
A0153,C0085
A0154,C0088
A0155,C0094
A0156,C0096
A0157,C0104
A0158,C0105
A0159,C0110
A0160,C0115
A0161,C0124
A0162,C0134
