created_month,opportunity_count,open_pipeline_value,won_count
2025-03-01,42,456200.0,9.0
2025-04-01,51,538550.0,11.0
2025-05-01,41,652100.0,7.0
2025-06-01,53,553800.0,14.0
2025-07-01,57,686500.0,10.0
2025-08-01,71,762500.0,14.0
2025-09-01,57,485900.0,19.0
2025-10-01,51,504550.0,11.0
2025-11-01,49,579650.0,10.0
2025-12-01,39,289800.0,9.0
2026-01-01,44,399300.0,10.0
2026-02-01,35,320050.0,10.0
2026-03-01,44,654400.0,7.0
2026-04-01,63,763800.0,13.0
2026-05-01,64,714400.0,16.0
2026-06-01,51,663950.0,13.0
2026-07-01,48,670450.0,9.0
2026-08-01,40,445800.0,7.0
